"id","name","mail","password_digest","remember_token","created_at","updated_at"
1,"11",n@ddd,$2a$12$1x.Cb8Tb3vR5SLt/1edWteuWhoRIJukaIOk4Gqaq7LvEJFD7B7kl.,"58548990fc8956a12cbf627864d58c0ff23c6b8c9f5788c4eff26572136a0857","2020-02-23 10:55:59.0","2020-03-01 06:09:28.0"
2,太郎,naa@ddd,$2a$12$0hBiVRQyRjPjNbA1S4OesuUB.9Mog4c663MbltdFqHV9yUV5LT5IW,,"2020-03-01 03:25:38.0","2020-03-01 03:25:38.0"
3,dd,ndd@ddd,$2a$12$VRYS0Wm.juRqNUwJ7Huny.161OzK/qTBIA6UgNi4bWbwPhCF5bPB.,,"2020-03-01 04:00:26.0","2020-03-01 04:00:26.0"
4,"11",n11@ddd,$2a$12$6pewZwpteszDLR4s8oZ/ge0Be15wcSQre7BTSMByRmiBHxyYhj9H6,,"2020-03-01 04:06:34.0","2020-03-01 04:06:34.0"
5,qq,qq@qq,$2a$12$0cgtnAT.GkhkCuSonY7QUOtJqn3NKlkkTb7wN3ZegvBx6xC7EedHO,"5837ce2078990c269f8592b9e76c7d1e0ad3b8f936ec3068e50ea4d544ba8450","2020-03-01 04:07:55.0","2020-03-01 06:12:48.0"
6,"11","11@ddd",$2a$12$xfH0DJnYPzOzp1P/4IGUz.CLez3BsptNbZ1G59xKMttZbdTtp5/Iy,,"2020-03-01 05:25:40.0","2020-03-01 05:25:40.0"
7,"11",n1@ddd,$2a$12$o3jzg4ld4C2X1.IkfqjsPesPEVgqEBIeelGaImQrMafyVUvfcvA6G,,"2020-03-01 05:55:30.0","2020-03-01 05:55:30.0"
8,"11",n@ddd1,$2a$12$96oImy88MGDMmjDhSzPlJuMb7Ja.88aiBNSm9X9//F5wbjh/.Kc9i,,"2020-03-01 06:02:08.0","2020-03-01 06:02:08.0"
9,"1111",n11@ddd1,$2a$12$l5hG.HThYu9j3IhFOqltm.ZO9YqWQin6mVS0MtWvxP3DDWfaf3vaC,,"2020-03-01 06:08:23.0","2020-03-01 06:08:23.0"
10,"33","33n@ddd",$2a$12$GpGVjGlvdbnmKtg6ufRRD.yBuWC9OccbalH0r/y37hVQYbFcDNR0a,,"2020-03-01 06:20:12.0","2020-03-01 06:20:12.0"
11,ddd,"11@11",$2a$12$1x.Cb8Tb3vR5SLt/1edWteuWhoRIJukaIOk4Gqaq7LvEJFD7B7kl.,,"2020-02-23 10:55:59.0","2020-02-23 10:55:59.0"
12,"1111","11n@ddd",$2a$12$8Vwjui5bbT7zjY7O82Icne8iPPkUvMVHrmShWd1zX7rItEF/Y9kgK,,"2020-03-01 06:18:05.0","2020-03-01 06:18:05.0"
13,太郎,n@dddl,$2a$12$X0SEmXG3pno/1v6vZ0VJ8eeF0BZS7YJ80R4lzOfza5y1vKvzltZ6O,d3d5fcd1d0976f6a5d37a294bda97028bab5b1d10309819f04177ffe83da9fb5,"2020-03-20 11:05:51.0","2020-03-28 14:01:29.0"
